Model,OOS_AUC,OOS_Accuracy,OOS_Precision,OOS_Recall,OOS_F1,OOS_LogLoss
Logistic Regression (Original),0.5530864197530864,0.6507936507936508,0.7555555555555555,0.7555555555555555,0.7555555555555555,0.6499304180289712
Logistic Regression (Enhanced),0.5555555555555556,0.6349206349206349,0.7391304347826086,0.7555555555555555,0.7472527472527473,0.651811660078132
Random Forest,0.4419753086419753,0.6349206349206349,0.72,0.8,0.7578947368421053,0.7068598774041269
Gradient Boosting,0.4820987654320988,0.6984126984126984,0.7407407407407407,0.8888888888888888,0.8080808080808081,1.4279159951428195
